{
  "swaggerDefinition": {
    "openapi": "3.0.0",
    "info": {
      "title": "Node Rest API",
      "version": "1.0.0",
      "description": "Node API is production ready and open source project in Node, Express, MongoDB",
      "license": {
        "name": "MIT",
        "url": "https://choosealicense.com/licenses/mit/"
      },
      "contact": {
        "name": "Renan Lopes",
        "url": "https://renanlopes.com",
        "email": "renanlopescoder@gmail.com"
      }
    },
    "servers": [
      {
        "url": "http://localhost:8080"
      },
      {
        "url": "https://rest-api-node.herokuapp.com"
      }
    ]
  },
  "apis": ["./src/app/Models/User.js", "./src/routes/user.js"]
}
